uplift_decile,users,predicted_uplift,returning_share,avg_movies_rated
1,840,0.1227799289678,0.925,17.65714285714286
2,840,0.05233115996860423,0.7916666666666666,9.691666666666666
3,840,0.031208851673260516,0.6821428571428572,7.765476190476191
4,840,0.01737369307010421,0.6702380952380952,7.461904761904762
5,840,0.00673320036862832,0.5535714285714286,6.5476190476190474
6,840,-0.002600725058287397,0.5202380952380953,6.723809523809524
7,840,-0.011916412733113257,0.5345238095238095,6.786904761904762
8,840,-0.023786945541526584,0.575,6.738095238095238
9,840,-0.04227164157597364,0.575,7.822619047619048
10,840,-0.09179578704291502,0.6333333333333333,11.897619047619047
