decile,users,predicted_uplift,observed_uplift,true_uplift,returning_share,avg_movies_rated
1,840,0.09286989136336628,0.03759381435111386,0.02469600714894856,0.9738095238095238,20.208333333333332
2,840,0.03502235510339816,0.007322264793529168,0.01259695946330201,0.7976190476190477,8.482142857142858
3,840,0.02040600107205674,0.008617561683599423,0.011480688045586796,0.7511904761904762,7.733333333333333
4,840,0.011448535859238575,0.0015334287466775703,0.010202345878613798,0.6928571428571428,7.311904761904762
5,840,0.0049904870579739686,-0.02111697693803835,0.009521586408544547,0.6845238095238095,6.978571428571429
6,840,-0.0009038011214791395,-0.012472786647314951,0.008640066313352962,0.611904761904762,6.786904761904762
7,840,-0.007041091379700248,0.016804432736851657,0.007038550110855216,0.5071428571428571,6.591666666666667
8,840,-0.013280397964289637,0.054260703594089944,0.005853758153835818,0.44166666666666665,6.21547619047619
9,840,-0.024077370885502106,0.0007343272367095338,0.009651715197618305,0.5773809523809523,7.7369047619047615
10,840,-0.05665850725416502,0.020242226304688027,0.011711784594049333,0.4226190476190476,11.047619047619047
